metro,tool_name,CarrierGasLinePressureTEOS2_mean_10,CarrierGasLinePressureTEOS2_mean_12,CarrierGasLinePressureTEOS_mean_10,CarrierGasLinePressureTEOS_mean_12,ChamberPressure_mean_10,ChamberPressure_mean_12,HeTEPOGasFlow_mean_12,HeatExchangerResistivity_mean_10,HeatExchangerResistivity_mean_12,HeatExchangerTemp1_mean_12,HeatExchangerTemp2_mean_10,HeatExchangerTemp2_mean_12,HeatExchangerTemp3_mean_10,HeatExchangerTemp3_mean_12,HeaterLiftPosition_mean_10,HeaterOutputPowerPercent_mean_10,HeaterOutputPowerPercent_mean_12,HeaterTemp_mean_10,N2GasFlow_mean_10,N2GasFlow_mean_12,N2TEBGasFlow_mean_10,N2TEBGasFlow_mean_12,N2TEOSGasFlow_mean_10,N2TEOSGasFlow_mean_12,NF3GasFlow_mean_10,NF3GasFlow_mean_12,O3GasFlow_mean_10,O3GasFlow_mean_12,OzoneBackPressure_mean_10,OzoneBackPressure_mean_12,OzoneConc_mean_10,OzoneConc_mean_12,PinLiftPosition_mean_10,ShowerheadHeaterSpacingOtherSide_mean_10,ShowerheadHeaterSpacing_mean_10,StepElapsedTime_mean_10,StepElapsedTime_mean_12,TEBFlow_mean_10,TEOSFlow_mean_10,TEOSFlow_mean_12,TEPOFlow_mean_10,ThrottleValveAngle_mean_10,ThrottleValveAngle_mean_12
1965.0764,BPPR4D01A1,7.587134211,7.594294004,8.146627566,8.168762089,100.2060895,99.97326279,7000.2,3389814.487,3399267.399,70.03663004,70.38638781,70.42735043,75.2097365,75.14041514,1.734791761,36.74193548,36.25,480.2193548,1419.512903,1419.5,5999.041935,5999.5,7000.625806,7000.2,16.39032258,15.875,15086.51613,15090.0,40.17019336,40.19399929,12.44419359,12.47999954,102.0,0.246001813,0.260008239,15.00758065,1.5665,0.241248387,2.298906452,2.3017,0.202467742,16.72447053,16.69337672
1954.8716,BPPR4D01A2,7.587134211,7.594294004,8.146627566,8.168762089,100.2060895,99.97326279,7000.2,3389814.487,3399267.399,70.03663004,70.38638781,70.42735043,75.2097365,75.14041514,1.707398187,35.64516129,34.25,480.3225806,1419.512903,1419.5,5999.041935,5999.5,7000.625806,7000.2,16.39032258,15.875,15086.51613,15090.0,40.17019336,40.19399929,12.44419359,12.47999954,113.0,0.260008239,0.246001813,15.00758065,1.5665,0.241248387,2.298906452,2.3017,0.202467742,16.72447053,16.69337672
1986.962,BPPR4D01A1,7.679228801,7.656673114,8.245460785,8.23549323,100.19289,99.93107843,7000.5,3301587.302,3301587.302,70.03663004,70.45492142,70.54945055,75.22234038,75.14041514,1.734791761,35.77419355,37.75,480.2129032,1419.8,1419.925,5999.593548,5999.5,6999.567742,7000.5,16.90967742,17.15,15084.77419,15090.0,40.18335481,40.1730001,12.4422581,12.47250009,102.0,0.246001813,0.260008239,15.40435484,1.75625,0.246090323,2.298009677,2.301275,0.204264516,16.71747096,16.67432173
1979.0056,BPPR4D01A2,7.679228801,7.656673114,8.245460785,8.23549323,100.19289,99.93107843,7000.5,3301587.302,3301587.302,70.03663004,70.45492142,70.54945055,75.22234038,75.14041514,1.707398187,36.22580645,35.5,480.2645161,1419.8,1419.925,5999.593548,5999.5,6999.567742,7000.5,16.90967742,17.15,15084.77419,15090.0,40.18335481,40.1730001,12.4422581,12.47250009,113.0,0.260008239,0.246001813,15.40435484,1.75625,0.246090323,2.298009677,2.301275,0.204264516,16.71747096,16.67432173
1938.3636,BPPR4D01A1,7.709178262,7.719052224,8.316590753,8.309477756,100.1995088,99.97390175,7000.2,3301587.302,3301587.302,70.03663004,70.37378392,70.4029304,75.22234038,75.14041514,1.734791761,36.12903226,36.5,480.2903226,1419.687097,1419.825,6000.9,5999.2,7001.019355,6999.9,17.79354839,17.85,15085.74194,15087.0,40.18722577,40.1699996,12.45032255,12.48749971,102.0,0.246001813,0.260008239,15.17919355,1.525,0.245948387,2.297245161,2.310875,0.204229032,16.74192515,16.71140172
1927.4424,BPPR4D01A2,7.709178262,7.719052224,8.316590753,8.309477756,100.1995088,99.97390175,7000.2,3301587.302,3301587.302,70.03663004,70.37378392,70.4029304,75.22234038,75.14041514,1.707398187,36.06451613,34.5,480.3354839,1419.687097,1419.825,6000.9,5999.2,7001.019355,6999.9,17.79354839,17.85,15085.74194,15087.0,40.18722577,40.1699996,12.45032255,12.48749971,113.0,0.260008239,0.246001813,15.17919355,1.525,0.245948387,2.297245161,2.310875,0.204229032,16.74192515,16.71140172
1937.22,BPPR4D01A2,7.686154614,7.727756286,8.331752667,8.308027079,100.185145,99.96897984,7000.2,3386663.516,3374847.375,70.03663004,70.38953878,70.4029304,75.15932097,75.23809524,1.707398187,36.06451613,35.5,480.2516129,1419.741935,1420.0,5998.967742,5999.5,6999.451613,6999.6,17.63548387,17.825,15084.0,15082.5,40.18529006,40.19999957,12.44935482,12.47749972,113.0,0.260008239,0.246001813,15.68148387,2.031,0.246654839,2.300558065,2.310075,0.204835484,16.7483045,16.71912671
1960.202,BPPR4D01A1,7.686154614,7.727756286,8.331752667,8.308027079,100.185145,99.96897984,7000.2,3386663.516,3374847.375,70.03663004,70.38953878,70.4029304,75.15932097,75.23809524,1.734791761,36.51612903,36.0,480.2645161,1419.741935,1420.0,5998.967742,5999.5,6999.451613,6999.6,17.63548387,17.825,15084.0,15082.5,40.18529006,40.19999957,12.44935482,12.47749972,102.0,0.246001813,0.260008239,15.68148387,2.031,0.246654839,2.300558065,2.310075,0.204835484,16.7483045,16.71912671
2052.8372,BPPR4D01A2,7.805548839,7.811895551,8.345019342,8.371856867,100.1757817,99.95318651,7000.2,3301587.302,3301587.302,70.03663004,70.40903541,70.37851038,75.18009768,75.14041514,1.707398187,35.8125,36.75,480.30625,1419.578125,1419.9,5999.078125,5999.8,7000.46875,7000.2,17.496875,17.85,15089.8125,15090.0,40.17524976,40.18499994,12.44906244,12.47749972,113.0,0.260008239,0.246001813,15.94525,1.80775,0.250828125,2.297175,2.298825,0.20719375,16.73492004,16.69955672
2062.47,BPPR4D01A1,7.805548839,7.811895551,8.345019342,8.371856867,100.1757817,99.95318651,7000.2,3301587.302,3301587.302,70.03663004,70.40903541,70.37851038,75.18009768,75.14041514,1.734791761,36.15625,35.5,480.265625,1419.578125,1419.9,5999.078125,5999.8,7000.46875,7000.2,17.496875,17.85,15089.8125,15090.0,40.17524976,40.18499994,12.44906244,12.47749972,102.0,0.246001813,0.260008239,15.94525,1.80775,0.250828125,2.297175,2.298825,0.20719375,16.73492004,16.69955672
1992.1572,BPPR4D01A2,7.986520793,7.96131528,8.541586074,8.531431335,100.2064852,99.95870781,7000.2,3301587.302,3301587.302,70.03663004,70.42429792,70.37851038,75.08547009,75.09157509,1.707398187,35.5625,36.5,480.284375,1419.515625,1419.55,6000.378125,5999.5,7000.053125,6999.9,18.553125,18.05,15086.625,15090.0,40.17299965,40.21199942,12.44343749,12.48499966,113.0,0.260008239,0.246001813,15.30171875,1.33625,0.25075625,2.299221875,2.3011,0.207221875,16.77843753,16.7546617
2004.3836,BPPR4D01A1,7.986520793,7.96131528,8.541586074,8.531431335,100.2064852,99.95870781,7000.2,3301587.302,3301587.302,70.03663004,70.42429792,70.37851038,75.08547009,75.09157509,1.734791761,35.53125,36.0,480.253125,1419.515625,1419.55,6000.378125,5999.5,7000.053125,6999.9,18.553125,18.05,15086.625,15090.0,40.17299965,40.21199942,12.44343749,12.48499966,102.0,0.246001813,0.260008239,15.30171875,1.33625,0.25075625,2.299221875,2.3011,0.207221875,16.77843753,16.7546617
2068.7544,BPPR4D01A1,8.472497582,8.400870406,8.889929884,8.926015474,100.2749515,99.93431044,6999.6,3380952.381,3399267.399,70.03663004,70.40903541,70.42735043,75.1037851,75.11599512,1.734791761,35.15625,35.5,480.225,1419.65625,1420.0,5998.965625,6000.1,6999.8625,6999.6,18.26875,18.375,15086.0625,15085.5,40.18349987,40.19099951,12.45031247,12.47999954,102.0,0.246001813,0.260008239,16.19453125,2.25075,0.25094375,2.296228125,2.28715,0.207171875,16.81208419,16.7649617
2053.068,BPPR4D01A2,8.472497582,8.400870406,8.889929884,8.926015474,100.2749515,99.93431044,6999.6,3380952.381,3399267.399,70.03663004,70.40903541,70.42735043,75.1037851,75.11599512,1.707398187,35.1875,37.5,480.24375,1419.65625,1420.0,5998.965625,6000.1,6999.8625,6999.6,18.26875,18.375,15086.0625,15085.5,40.18349987,40.19099951,12.45031247,12.47999954,113.0,0.260008239,0.246001813,16.19453125,2.25075,0.25094375,2.296228125,2.28715,0.207171875,16.81208419,16.7649617
2042.4172,BPPR4D01A1,8.47382542,8.399419729,8.889748549,8.928916828,100.2771973,99.95930243,6999.9,3301587.302,3301587.302,70.03663004,70.38008586,70.4029304,75.09630155,75.14041514,1.734791761,36.22580645,37.5,480.1677419,1419.732258,1419.675,5999.554839,6000.1,6999.683871,7000.2,18.3,18.275,15084.58065,15082.5,40.17483874,40.1760006,12.44967738,12.47999954,102.0,0.246001813,0.260008239,15.56558065,1.43825,0.25113871,2.29816129,2.29385,0.207522581,16.81761351,16.78144169
2037.3084,BPPR4D01A2,8.47382542,8.399419729,8.889748549,8.928916828,100.2771973,99.95930243,6999.9,3301587.302,3301587.302,70.03663004,70.38008586,70.4029304,75.09630155,75.14041514,1.707398187,36.61290323,36.25,480.1935484,1419.732258,1419.675,5999.554839,6000.1,6999.683871,7000.2,18.3,18.275,15084.58065,15082.5,40.17483874,40.1760006,12.44967738,12.47999954,113.0,0.260008239,0.246001813,15.56558065,1.43825,0.25113871,2.29816129,2.29385,0.207522581,16.81761351,16.78144169
2026.8048,BPPR4D01A2,8.839337524,8.751934236,9.333837041,9.275628627,100.2657075,99.92852116,6999.9,3301587.302,3301587.302,70.03663004,70.40903541,70.37851038,75.23809524,75.23809524,1.707398187,36.8125,36.5,480.259375,1419.640625,1419.125,5999.26875,5999.8,7000.16875,6999.9,19.4625,19.2,15084.375,15082.5,40.17900002,40.17900038,12.45250005,12.46750021,113.0,0.260008239,0.246001813,16.27653125,2.23725,0.251378125,2.30029375,2.3088,0.2074875,16.81174085,16.7551767
2035.1268,BPPR4D01A1,8.839337524,8.751934236,9.333837041,9.275628627,100.2657075,99.92852116,6999.9,3301587.302,3301587.302,70.03663004,70.40903541,70.37851038,75.23809524,75.23809524,1.734791761,36.21875,35.5,480.228125,1419.640625,1419.125,5999.26875,5999.8,7000.16875,6999.9,19.4625,19.2,15084.375,15082.5,40.17900002,40.17900038,12.45250005,12.46750021,102.0,0.246001813,0.260008239,16.27653125,2.23725,0.251378125,2.30029375,2.3088,0.2074875,16.81174085,16.7551767
2064.9576,BPPR4D01A2,9.175894584,9.219052224,9.654617988,9.705029014,100.2694842,99.98325109,6999.9,3399267.399,3399267.399,70.13431013,70.41514042,70.4029304,75.15262515,75.16483516,1.707398187,36.40625,36.25,480.28125,1419.596875,1419.475,5999.26875,5999.5,6999.825,7000.2,19.3875,19.35,15086.625,15084.0,40.17449954,40.16999888,12.44656256,12.47000027,113.0,0.260008239,0.246001813,15.86690625,1.886,0.25095625,2.2955375,2.30225,0.207190625,16.80755648,16.78556169
2070.8964,BPPR4D01A1,9.175894584,9.219052224,9.654617988,9.705029014,100.2694842,99.98325109,6999.9,3399267.399,3399267.399,70.13431013,70.41514042,70.4029304,75.15262515,75.16483516,1.734791761,36.375,35.75,480.275,1419.596875,1419.475,5999.26875,5999.5,6999.825,7000.2,19.3875,19.35,15086.625,15084.0,40.17449954,40.16999888,12.44656256,12.47000027,102.0,0.246001813,0.260008239,15.86690625,1.886,0.25095625,2.2955375,2.30225,0.207190625,16.80755648,16.78556169
2032.766,BPPR4D01A1,9.164347663,9.236460348,9.64316466,9.715183752,100.2586827,99.94231176,6999.9,3301587.302,3301587.302,70.03663004,70.42419946,70.42735043,75.17507582,75.14041514,1.734791761,36.67741935,36.0,480.2419355,1419.648387,1419.725,5999.441935,6000.1,6999.841935,7000.5,19.70322581,19.5,15087.87097,15084.0,40.17948348,40.17899966,12.43870969,12.47749972,102.0,0.246001813,0.260008239,15.35548387,1.457,0.250548387,2.292112903,2.30355,0.2069,16.79526363,16.7737167
2007.5128,BPPR4D01A2,9.164347663,9.236460348,9.64316466,9.715183752,100.2586827,99.94231176,6999.9,3301587.302,3301587.302,70.03663004,70.42419946,70.42735043,75.17507582,75.14041514,1.707398187,36.16129032,36.0,480.2193548,1419.648387,1419.725,5999.441935,6000.1,6999.841935,7000.5,19.70322581,19.5,15087.87097,15084.0,40.17948348,40.17899966,12.43870969,12.47749972,113.0,0.260008239,0.246001813,15.35548387,1.457,0.250548387,2.292112903,2.30355,0.2069,16.79526363,16.7737167
2057.7044,BPPR4D01A1,9.088672631,9.143617021,9.594596228,9.636847195,100.2390621,99.97432232,6999.9,3301587.302,3301587.302,70.03663004,70.40903541,70.37851038,75.27472527,75.26251526,1.734791761,35.90625,36.5,480.275,1419.678125,1419.6,5999.309375,5999.5,7001.115625,7000.2,20.125,19.95,15089.625,15088.5,40.18724987,40.19400072,12.44749993,12.47999954,102.0,0.246002113,0.260008239,15.7308125,1.77925,0.251090625,2.297125,2.30045,0.2073625,16.78712815,16.7690817
2052.224,BPPR4D01A2,9.088672631,9.143617021,9.594596228,9.636847195,100.2390621,99.97432232,6999.9,3301587.302,3301587.302,70.03663004,70.40903541,70.37851038,75.27472527,75.26251526,1.707397887,36.625,33.75,480.29375,1419.678125,1419.6,5999.309375,5999.5,7001.115625,7000.2,20.125,19.95,15089.625,15088.5,40.18724987,40.19400072,12.44749993,12.47999954,113.0,0.260008239,0.246002113,15.7308125,1.77925,0.251090625,2.297125,2.30045,0.2073625,16.78712815,16.7690817
2009.7692,BPPR4D01A2,9.136726306,9.140715667,9.614543037,9.647001934,100.2394807,99.96661472,6999.9,3301587.302,3301587.302,70.03663004,70.4029304,70.42735043,75.1953602,75.14041514,1.707398187,36.3125,37.25,480.196875,1419.509375,1419.875,6000.9125,5998.9,7000.890625,6999.9,19.29375,19.425,15085.875,15084.0,40.16999987,40.20300007,12.44343737,12.47749972,113.0,0.260008239,0.246001813,15.58334375,1.62625,0.250728125,2.29486875,2.314025,0.2071,16.80006752,16.79689169
2021.3752,BPPR4D01A1,9.136726306,9.140715667,9.614543037,9.647001934,100.2394807,99.96661472,6999.9,3301587.302,3301587.302,70.03663004,70.4029304,70.42735043,75.1953602,75.14041514,1.734791761,36.8125,35.5,480.196875,1419.509375,1419.875,6000.9125,5998.9,7000.890625,6999.9,19.29375,19.425,15085.875,15084.0,40.16999987,40.20300007,12.44343737,12.47749972,102.0,0.246001813,0.260008239,15.58334375,1.62625,0.250728125,2.29486875,2.314025,0.2071,16.80006752,16.79689169
1978.5712,BPPR4D01A2,9.270732592,9.327852998,9.746191973,9.806576402,100.2218825,99.938797,6999.9,3301587.302,3301587.302,70.03663004,70.37851038,70.42735043,75.14041514,75.14041514,1.707397887,36.0625,36.5,480.3375,1419.6875,1420.05,6000.953125,5999.5,6999.9,6999.9,20.41875,20.175,15086.0625,15081.0,40.17187473,40.19699979,12.44562486,12.47250009,113.0,0.260008239,0.246002113,15.89315625,2.053,0.251178125,2.297978125,2.302075,0.207428125,16.72054296,16.69028672
1981.0828,BPPR4D01A1,9.270732592,9.327852998,9.746191973,9.806576402,100.2218825,99.938797,6999.9,3301587.302,3301587.302,70.03663004,70.37851038,70.42735043,75.14041514,75.14041514,1.734791761,36.6875,36.25,480.190625,1419.6875,1420.05,6000.953125,5999.5,6999.9,6999.9,20.41875,20.175,15086.0625,15081.0,40.17187473,40.19699979,12.44562486,12.47250009,102.0,0.246002113,0.260008239,15.89315625,2.053,0.251178125,2.297978125,2.302075,0.207428125,16.72054296,16.69028672
1962.6224,BPPR4D01A2,9.57240906,9.53384913,9.951082548,9.996615087,100.2600934,99.98476076,6999.9,3301587.302,3301587.302,70.03663004,70.36748198,70.4029304,75.16877388,75.14041514,1.701390825,36.03225806,37.0,480.2419355,1419.645161,1420.125,6000.190323,5999.5,6999.764516,6999.9,20.11612903,20.025,15086.32258,15088.5,40.17600004,40.20000029,12.44096768,12.47250009,113.0,0.260008239,0.252009175,15.90290323,1.4665,0.251503226,2.298370968,2.302175,0.207829032,16.80733567,16.7701117
2010.9612,BPPR4D01A1,9.57240906,9.53384913,9.951082548,9.996615087,100.2600934,99.98476076,6999.9,3301587.302,3301587.302,70.03663004,70.36748198,70.4029304,75.16877388,75.14041514,1.734791761,36.32258065,37.25,480.183871,1419.645161,1420.125,6000.190323,5999.5,6999.764516,6999.9,20.11612903,20.025,15086.32258,15088.5,40.17600004,40.20000029,12.44096768,12.47250009,102.0,0.252009175,0.260008239,15.90290323,1.4665,0.251503226,2.298370968,2.302175,0.207829032,16.80733567,16.7701117
1978.7236,BPPR4D01A2,9.76450677,9.689071567,10.21802466,10.15618956,100.2788206,99.93235922,6999.9,3301587.302,3301587.302,70.01221001,70.28388278,70.32967033,75.17094017,75.23809524,1.701390825,36.09375,34.25,480.234375,1419.4625,1419.475,5999.459375,5999.5,6999.825,7000.2,20.084375,20.1,15089.4375,15082.5,40.17899975,40.18499994,12.45125005,12.47999954,113.0,0.260008239,0.252009175,16.248375,2.3065,0.2509,2.296290625,2.3009,0.20739375,16.91508415,16.86693167
2011.478,BPPR4D01A1,9.76450677,9.689071567,10.21802466,10.15618956,100.2788206,99.93235922,6999.9,3301587.302,3301587.302,70.01221001,70.28388278,70.32967033,75.17094017,75.23809524,1.734791761,35.46875,35.5,480.175,1419.4625,1419.475,5999.459375,5999.5,6999.825,7000.2,20.084375,20.1,15089.4375,15082.5,40.17899975,40.18499994,12.45125005,12.47999954,102.0,0.252009175,0.260008239,16.248375,2.3065,0.2509,2.296290625,2.3009,0.20739375,16.91508415,16.86693167
1958.6536,BPPR4D01A2,10.1444028,10.22437137,10.57706721,10.66682785,100.2646902,99.9575572,7000.2,3301587.302,3301587.302,70.03663004,70.36630037,70.32967033,75.16483516,75.14041514,1.701390825,35.90625,35.75,480.259375,1419.715625,1419.725,5999.65,5999.8,7001.078125,6999.3,20.021875,19.5,15082.6875,15090.0,40.17637485,40.20000029,12.45593745,12.47999954,113.0,0.260008239,0.252009175,15.81040625,2.0595,0.24916875,2.2976375,2.314025,0.2076,16.85259751,16.83242668
2010.0608,BPPR4D01A1,10.1444028,10.22437137,10.57706721,10.66682785,100.2646902,99.9575572,7000.2,3301587.302,3301587.302,70.03663004,70.36630037,70.32967033,75.16483516,75.14041514,1.734791761,35.875,36.5,480.24375,1419.715625,1419.725,5999.65,5999.8,7001.078125,6999.3,20.021875,19.5,15082.6875,15090.0,40.17637485,40.20000029,12.45593745,12.47999954,102.0,0.252009175,0.260008239,15.81040625,2.0595,0.24916875,2.2976375,2.314025,0.2076,16.85259751,16.83242668
1975.168,BPPR4D01A1,10.28076644,10.4115087,10.71252418,10.86266925,100.2753984,99.94055939,6999.9,3301587.302,3301587.302,70.03663004,70.38766789,70.32967033,75.17094017,75.23809524,1.734791761,36.15625,36.25,480.2,1419.478125,1419.3,5999.5,5999.5,7000.128125,6999.9,20.8,20.775,15083.625,15085.5,40.17525002,40.17599988,12.44937503,12.48499966,102.0,0.247001438,0.260008239,15.4055625,1.89425,0.2489375,2.297240625,2.29695,0.2078375,16.80410169,16.80564669
1961.344,BPPR4D01A2,10.28076644,10.4115087,10.71252418,10.86266925,100.2753984,99.94055939,6999.9,3301587.302,3301587.302,70.03663004,70.38766789,70.32967033,75.17094017,75.23809524,1.706398562,35.46875,37.5,480.2875,1419.478125,1419.3,5999.5,5999.5,7000.128125,6999.9,20.8,20.775,15083.625,15085.5,40.17525002,40.17599988,12.44937503,12.48499966,113.0,0.260008239,0.247001438,15.4055625,1.89425,0.2489375,2.297240625,2.29695,0.2078375,16.80410169,16.80564669
2017.8544,BPPR4D01A1,10.60472952,10.71760155,11.02870157,11.13394584,100.2807744,99.98481417,7000.2,3399267.399,3399267.399,70.03663004,70.34542518,70.35409035,75.22864233,75.33577534,1.734791761,35.70967742,34.75,480.1870968,1419.76129,1419.525,5999.516129,5998.9,7001.212903,7000.5,20.85483871,20.775,15085.35484,15090.0,40.17987054,40.1699996,12.45419358,12.47749972,102.0,0.247001438,0.260008239,15.45790323,1.50975,0.254325806,2.297848387,2.3029,0.211406452,16.82060383,16.81903668
2028.3684,BPPR4D01A2,10.60472952,10.71760155,11.02870157,11.13394584,100.2807744,99.98481417,7000.2,3399267.399,3399267.399,70.03663004,70.34542518,70.35409035,75.22864233,75.33577534,1.706398562,36.61290323,36.75,480.3354839,1419.76129,1419.525,5999.516129,5998.9,7001.212903,7000.5,20.85483871,20.775,15085.35484,15090.0,40.17987054,40.1699996,12.45419358,12.47749972,113.0,0.260008239,0.247001438,15.45790323,1.50975,0.254325806,2.297848387,2.3029,0.211406452,16.82060383,16.81903668
1861.8248,BPPR4D01A2,10.39283709,10.49129594,10.82598116,10.92940039,100.270752,99.96692514,6999.9,3301587.302,3301587.302,70.03663004,70.40529363,70.4029304,75.27275592,75.18925519,1.706398562,35.96774194,35.75,480.283871,1419.712903,1419.6,5999.912903,5999.5,7001.212903,6999.9,22.01935484,21.925,15084.0,15082.5,40.18219323,40.19400072,12.44806462,12.47999954,113.0,0.260008239,0.247001438,15.321,1.58025,0.258725806,2.295451613,2.3011,0.211874194,16.86466124,16.86040834
1886.3604,BPPR4D01A1,10.39283709,10.49129594,10.82598116,10.92940039,100.270752,99.96692514,6999.9,3301587.302,3301587.302,70.03663004,70.40529363,70.4029304,75.27275592,75.18925519,1.734791761,36.09677419,36.75,480.2354839,1419.712903,1419.6,5999.912903,5999.5,7001.212903,6999.9,22.01935484,21.925,15084.0,15082.5,40.18219323,40.19400072,12.44806462,12.47999954,102.0,0.247001438,0.260008239,15.321,1.58025,0.258725806,2.295451613,2.3011,0.211874194,16.86466124,16.86040834
2067.0032,BPPR4D01A1,10.40917883,10.51160542,10.86741692,10.93665377,100.2522008,99.97618961,6999.9,3384467.384,3399267.399,70.03663004,70.38295038,70.42735043,75.26177526,75.14041514,1.734791761,35.87878788,35.5,480.2424242,1419.724242,1419.6,6000.818182,5999.5,6999.918182,6999.9,21.33030303,21.325,15084.72727,15084.0,40.17927265,40.18499994,12.45545454,12.47000027,102.0,0.246001813,0.260008239,16.39966667,1.83225,0.264212121,2.296348485,2.301975,0.215815152,16.85260531,16.84392834
2035.3296,BPPR4D01A2,10.40917883,10.51160542,10.86741692,10.93665377,100.2522008,99.97618961,6999.9,3384467.384,3399267.399,70.03663004,70.38295038,70.42735043,75.26177526,75.14041514,1.707398187,36.24242424,36.25,480.2333333,1419.724242,1419.6,6000.818182,5999.5,6999.918182,6999.9,21.33030303,21.325,15084.72727,15084.0,40.17927265,40.18499994,12.45545454,12.47000027,113.0,0.260008239,0.246001813,16.39966667,1.83225,0.264212121,2.296348485,2.301975,0.215815152,16.85260531,16.84392834
2047.1988,BPPR4D01A1,10.43471954,10.51160542,10.85378385,10.96131528,100.2736375,99.9672308,6999.9,3399267.399,3399267.399,70.03663004,70.39377289,70.32967033,75.24420024,75.14041514,1.734791761,36.03125,36.75,480.3,1419.525,1419.75,6001.103125,5999.5,6999.8625,7000.2,22.1875,22.15,15085.3125,15082.5,40.17749959,40.18200016,12.44968754,12.47999954,102.0,0.246001813,0.260008239,15.8983125,1.38875,0.2638875,2.300934375,2.299575,0.215953125,16.8649575,16.86075167
2034.8484,BPPR4D01A2,10.43471954,10.51160542,10.85378385,10.96131528,100.2736375,99.9672308,6999.9,3399267.399,3399267.399,70.03663004,70.39377289,70.32967033,75.24420024,75.14041514,1.707398187,36.6875,36.75,480.3375,1419.525,1419.75,6001.103125,5999.5,6999.8625,7000.2,22.1875,22.15,15085.3125,15082.5,40.17749959,40.18200016,12.44968754,12.47999954,113.0,0.260008239,0.246001813,15.8983125,1.38875,0.2638875,2.300934375,2.299575,0.215953125,16.8649575,16.86075167
2093.162,BPPR4D01A2,10.37823673,10.4811412,10.7782492,10.88297872,100.2429588,99.97242832,6999.9,3399267.399,3399267.399,70.03663004,70.36748198,70.42735043,75.27275592,75.23809524,1.707398187,33.19354839,34.25,480.1935484,1419.445161,1419.35,5999.480645,5999.5,7000.119355,6999.9,-3.748387097,-3.55,15089.6129,15085.5,40.18103203,40.18499923,12.44870961,12.4824996,113.0,0.260008239,0.246001813,15.52474194,1.8835,0.263970968,2.292619355,2.307325,0.215403226,16.74276687,16.73286004
2040.1204,BPPR4D01A1,10.37823673,10.4811412,10.7782492,10.88297872,100.2429588,99.97242832,6999.9,3399267.399,3399267.399,70.03663004,70.36748198,70.42735043,75.27275592,75.23809524,1.734791761,32.19354839,33.25,480.1903226,1419.445161,1419.35,5999.480645,5999.5,7000.119355,6999.9,-3.748387097,-3.55,15089.6129,15085.5,40.18103203,40.18499923,12.44870961,12.4824996,102.0,0.246001813,0.260008239,15.52474194,1.8835,0.263970968,2.292619355,2.307325,0.215403226,16.74276687,16.73286004
2072.4944,BPPR4D01A1,10.42540713,10.52176015,10.81549885,10.91054159,100.2504816,99.96182346,6999.6,3399267.399,3399267.399,70.03663004,70.23671669,70.54945055,75.29796369,75.26251526,1.734791761,31.83870968,33.25,480.2709677,1419.367742,1419.5,6000.112903,5999.5,7000.93871,6999.6,-3.277419355,-3.925,15085.93548,15085.5,40.1721288,40.17599988,12.45000006,12.4824996,102.0,0.250000313,0.260008239,14.91567742,1.73075,0.263835484,2.292316129,2.300675,0.215119355,16.80691481,16.80238502
2102.8176,BPPR4D01A2,10.42540713,10.52176015,10.81549885,10.91054159,100.2504816,99.96182346,6999.6,3399267.399,3399267.399,70.03663004,70.23671669,70.54945055,75.29796369,75.26251526,1.703399687,32.61290323,33.25,480.2967742,1419.367742,1419.5,6000.112903,5999.5,7000.93871,6999.6,-3.277419355,-3.925,15085.93548,15085.5,40.1721288,40.17599988,12.45000006,12.4824996,113.0,0.260008239,0.250000313,14.91567742,1.73075,0.263835484,2.292316129,2.300675,0.215119355,16.80691481,16.80238502
2070.1784,BPPR4D01A2,10.42933799,10.51160542,10.82710426,10.91779497,100.2752057,99.9499774,6999.9,3301587.302,3301587.302,70.03663004,70.32336839,70.32967033,75.25069912,75.14041514,1.698391949,32.25806452,33.25,480.2967742,1419.480645,1419.6,6000.86129,6000.1,6999.96129,7000.2,-3.412903226,-3.2,15087.29032,15087.0,40.17406451,40.18200016,12.44290315,12.46749997,113.0,0.260008239,0.255008051,14.92329032,2.0905,0.264877419,2.299777419,2.290575,0.219932258,16.73935569,16.71998505
2064.2108,BPPR4D01A1,10.42933799,10.51160542,10.82710426,10.91779497,100.2752057,99.9499774,6999.9,3301587.302,3301587.302,70.03663004,70.32336839,70.32967033,75.25069912,75.14041514,1.734791761,32.06451613,34.25,480.2258065,1419.480645,1419.6,6000.86129,6000.1,6999.96129,7000.2,-3.412903226,-3.2,15087.29032,15087.0,40.17406451,40.18200016,12.44290315,12.46749997,102.0,0.255008051,0.260008239,14.92329032,2.0905,0.264877419,2.299777419,2.290575,0.219932258,16.73935569,16.71998505
2036.9604,BPPR4D01A2,10.42321083,10.53191489,10.81856867,10.91924565,100.2509219,99.93605852,7000.2,3301587.302,3301587.302,70.03663004,70.34920635,70.42735043,75.22507123,75.26251526,1.693393823,32.36666667,33.25,480.3333333,1419.7,1419.375,6001.046667,5998.9,7000.466667,6999.6,-3.243333333,-3.325,15085.0,15085.5,40.17120008,40.19099951,12.4496666,12.47999954,113.0,0.260008239,0.260006177,14.79853333,1.73275,0.26778,2.297946667,2.309075,0.22177,16.77004303,16.75037004
2076.2864,BPPR4D01A1,10.42321083,10.53191489,10.81856867,10.91924565,100.2509219,99.93605852,7000.2,3301587.302,3301587.302,70.03663004,70.34920635,70.42735043,75.22507123,75.26251526,1.734791761,32.0,33.75,480.3166667,1419.7,1419.375,6001.046667,5998.9,7000.466667,6999.6,-3.243333333,-3.325,15085.0,15085.5,40.17120008,40.19099951,12.4496666,12.47999954,102.0,0.260006177,0.260008239,14.79853333,1.73275,0.26778,2.297946667,2.309075,0.22177,16.77004303,16.75037004
2041.1936,BPPR4D01A1,10.39555126,10.52901354,10.78588008,10.93230174,100.2497778,99.97001266,7000.2,3399267.399,3399267.399,70.03663004,70.40781441,70.32967033,75.29019129,75.26251526,1.734791761,32.6,33.75,480.2133333,1419.55,1419.7,6000.92,5999.5,7000.47,6999.6,-3.223333333,-2.875,15084.0,15090.0,40.1763999,40.19099951,12.45200001,12.47250009,102.0,0.260006177,0.260008239,14.51446667,1.40025,0.266943333,2.29506,2.3081,0.221043333,16.74541459,16.74676504
2018.474,BPPR4D01A2,10.39555126,10.52901354,10.78588008,10.93230174,100.2497778,99.97001266,7000.2,3399267.399,3399267.399,70.03663004,70.40781441,70.32967033,75.29019129,75.26251526,1.693393823,33.03333333,32.75,480.2966667,1419.55,1419.7,6000.92,5999.5,7000.47,6999.6,-3.223333333,-2.875,15084.0,15090.0,40.1763999,40.19099951,12.45200001,12.47250009,113.0,0.260008239,0.260006177,14.51446667,1.40025,0.266943333,2.29506,2.3081,0.221043333,16.74541459,16.74676504
1919.2064,BPPR4D01A1,10.51798839,10.62765957,10.92301741,11.02659574,100.2480118,99.94538784,7000.5,3399267.399,3399267.399,70.01221001,70.36874237,70.32967033,75.17297517,75.23809524,1.734791761,33.0,34.75,480.28,1419.836667,1419.975,5999.826667,5999.2,7000.023333,6999.9,-3.343333333,-3.4,15084.6,15091.5,40.17759972,40.18200016,12.44633341,12.47499967,102.0,0.255008051,0.260008239,14.58056667,1.794,0.268033333,2.29545,2.308525,0.225016667,16.76232948,16.74419004
1910.3016,BPPR4D01A2,10.51798839,10.62765957,10.92301741,11.02659574,100.2480118,99.94538784,7000.5,3399267.399,3399267.399,70.01221001,70.36874237,70.32967033,75.17297517,75.23809524,1.698391949,32.73333333,34.5,480.2933333,1419.836667,1419.975,5999.826667,5999.2,7000.023333,6999.9,-3.343333333,-3.4,15084.6,15091.5,40.17759972,40.18200016,12.44633341,12.47499967,113.0,0.260008239,0.255008051,14.58056667,1.794,0.268033333,2.29545,2.308525,0.225016667,16.76232948,16.74419004
1930.2864,BPPR4D01A2,10.50773694,10.61170213,10.90502901,11.01644101,100.2522968,99.96037674,6999.9,3301587.302,3301587.302,70.03663004,70.41514042,70.42735043,75.28042328,75.33577534,1.698391949,32.26666667,34.0,480.28,1419.583333,1419.525,6000.926667,5999.8,7001.116667,7000.2,-3.84,-3.625,15083.8,15090.0,40.17639971,40.18799973,12.45100012,12.47749972,113.0,0.260008239,0.255008051,14.90993333,2.16675,0.268306667,2.300533333,2.296575,0.226656667,16.76184881,16.74728004
1940.982,BPPR4D01A1,10.50773694,10.61170213,10.90502901,11.01644101,100.2522968,99.96037674,6999.9,3301587.302,3301587.302,70.03663004,70.41514042,70.42735043,75.28042328,75.33577534,1.734791761,32.43333333,33.5,480.27,1419.583333,1419.525,6000.926667,5999.8,7001.116667,7000.2,-3.84,-3.625,15083.8,15090.0,40.17639971,40.18799973,12.45100012,12.47749972,102.0,0.255008051,0.260008239,14.90993333,2.16675,0.268306667,2.300533333,2.296575,0.226656667,16.76184881,16.74728004
2005.6472,BPPR4D01A1,10.52667374,10.62330754,10.92107069,11.03239845,100.2481175,99.93141508,6999.9,3348851.865,3374847.375,70.03663004,70.29500965,70.32967033,75.23809524,75.23809524,1.734791761,32.67741935,32.75,480.2709677,1419.719355,1419.85,6000.93871,5999.5,7000.93871,6999.6,-3.967741935,-4.0,15084.58065,15081.0,40.18103193,40.18799973,12.45161293,12.47999954,102.0,0.255008051,0.260008239,15.3423871,2.21,0.267529032,2.292677419,2.30345,0.22513871,16.77900514,16.75191504
2004.2036,BPPR4D01A2,10.52667374,10.62330754,10.92107069,11.03239845,100.2481175,99.93141508,6999.9,3348851.865,3374847.375,70.03663004,70.29500965,70.32967033,75.23809524,75.23809524,1.698391949,33.0,34.0,480.3258065,1419.719355,1419.85,6000.93871,5999.5,7000.93871,6999.6,-3.967741935,-4.0,15084.58065,15081.0,40.18103193,40.18799973,12.45161293,12.47999954,113.0,0.260008239,0.255008051,15.3423871,2.21,0.267529032,2.292677419,2.30345,0.22513871,16.77900514,16.75191504
2162.0328,BPPR4D01A2,11.55783366,11.54448743,11.80618956,11.92601547,100.2692555,99.97993279,7000.2,3399267.399,3399267.399,70.03663004,70.4013024,70.32967033,75.16971917,75.33577534,1.699391574,32.3,34.5,480.3266667,1419.553333,1419.15,5999.5,5999.8,7000.47,6999.3,-4.74,-4.3,15085.2,15085.5,40.18159971,40.1970005,12.45366662,12.48999977,113.0,0.260008239,0.254008426,15.1695,1.77825,0.26771,2.29225,2.2936,0.227743333,16.8298059,16.81835002
2153.782,BPPR4D01A1,11.55783366,11.54448743,11.80618956,11.92601547,100.2692555,99.97993279,7000.2,3399267.399,3399267.399,70.03663004,70.4013024,70.32967033,75.16971917,75.33577534,1.734791761,32.06666667,32.5,480.2633333,1419.553333,1419.15,5999.5,5999.8,7000.47,6999.3,-4.74,-4.3,15085.2,15085.5,40.18159971,40.1970005,12.45366662,12.48999977,102.0,0.254008426,0.260008239,15.1695,1.77825,0.26771,2.29225,2.2936,0.227743333,16.8298059,16.81835002
2095.89,BPPR4D01A1,11.38510638,11.52852998,11.76015474,11.90425532,100.2696029,99.95146799,6999.6,3301587.302,3301587.302,70.03663004,70.41758242,70.32967033,75.33577534,75.33577534,1.734791761,32.46666667,33.75,480.29,1419.643333,1419.425,6001.006667,5999.5,7001.196667,6999.9,-4.16,-4.15,15084.6,15084.0,40.17799969,40.18799973,12.45133333,12.48499966,102.0,0.255008051,0.260008239,14.76506667,1.92775,0.267503333,2.294266667,2.311525,0.226263333,16.82758568,16.81938002
2093.2848,BPPR4D01A2,11.38510638,11.52852998,11.76015474,11.90425532,100.2696029,99.95146799,6999.6,3301587.302,3301587.302,70.03663004,70.41758242,70.32967033,75.33577534,75.33577534,1.698391949,32.56666667,32.5,480.35,1419.643333,1419.425,6001.006667,5999.5,7001.196667,6999.9,-4.16,-4.15,15084.6,15084.0,40.17799969,40.18799973,12.45133333,12.48499966,113.0,0.260008239,0.255008051,14.76506667,1.92775,0.267503333,2.294266667,2.311525,0.226263333,16.82758568,16.81938002
2093.868,BPPR4D01A1,11.69632495,11.85638298,12.05802708,12.21615087,100.2730348,99.96534014,6999.9,3301587.302,3301587.302,70.03663004,70.4045584,70.32967033,75.14041514,75.14041514,1.734791761,32.13333333,33.5,480.2433333,1419.416667,1419.6,5999.54,5999.5,6999.86,6999.6,-5.03,-5.2,15087.8,15091.5,40.16879969,40.17899966,12.44833339,12.47000027,102.0,0.255008051,0.260008239,14.9272,2.2115,0.26784,2.291123333,2.26655,0.226583333,16.74349193,16.72874004
2089.3212,BPPR4D01A2,11.69632495,11.85638298,12.05802708,12.21615087,100.2730348,99.96534014,6999.9,3301587.302,3301587.302,70.03663004,70.4045584,70.32967033,75.14041514,75.14041514,1.698391949,32.53333333,30.75,480.2766667,1419.416667,1419.6,5999.54,5999.5,6999.86,6999.6,-5.03,-5.2,15087.8,15091.5,40.16879969,40.17899966,12.44833339,12.47000027,113.0,0.260008239,0.255008051,14.9272,2.2115,0.26784,2.291123333,2.26655,0.226583333,16.74349193,16.72874004
2085.9732,BPPR4D01A2,11.67640232,11.82156673,12.0384913,12.18858801,100.2662141,99.9820261,7000.2,3301587.302,3301587.302,70.03663004,70.38176638,70.4029304,75.14041514,75.14041514,1.698391949,32.46666667,33.25,480.3333333,1419.7,1419.625,6000.313333,5999.2,7000.306667,6999.6,-3.623333333,-3.2,15085.6,15082.5,40.17719955,40.19400001,12.44800018,12.47749972,113.0,0.260008239,0.255008051,14.7325,2.1745,0.267733333,2.29103,2.300425,0.226236667,16.76667837,16.76221503
2080.9056,BPPR4D01A1,11.67640232,11.82156673,12.0384913,12.18858801,100.2662141,99.9820261,7000.2,3301587.302,3301587.302,70.03663004,70.38176638,70.4029304,75.14041514,75.14041514,1.734791761,32.3,33.0,480.2566667,1419.7,1419.625,6000.313333,5999.2,7000.306667,6999.6,-3.623333333,-3.2,15085.6,15082.5,40.17719955,40.19400001,12.44800018,12.47749972,102.0,0.255008051,0.260008239,14.7325,2.1745,0.267733333,2.29103,2.300425,0.226236667,16.76667837,16.76221503
2091.7476,BPPR4D01A2,11.6893617,11.90280464,12.02843327,12.26692456,100.2702083,99.96513891,7000.5,3399267.399,3399267.399,70.01221001,70.43956044,70.48840049,75.14041514,75.14041514,1.698391949,32.16666667,34.25,480.3466667,1419.796667,1419.975,6000.31,5999.8,7001.316667,6999.9,-3.896666667,-4.825,15084.2,15088.5,40.17279978,40.18799973,12.44933338,12.47250009,113.0,0.260008239,0.255008051,14.38043333,1.923,0.2668,2.291863333,2.2946,0.226283333,16.81380657,16.82865001
1998.9104,BPPR4D01A2,11.68239845,11.83317215,12.0384913,12.19148936,100.264191,99.96365213,6999.9,3301587.302,3301587.302,70.10989011,70.32967033,70.25641026,75.14041514,75.14041514,1.693393823,32.4,33.0,480.37,1419.456667,1419.6,5999.58,5999.5,7000.793333,7000.2,-4.436666667,-4.3,15083.4,15085.5,40.18199997,40.17599988,12.45166667,12.4749999,113.0,0.260008239,0.260006177,14.9996,2.26225,0.26769,2.29266,2.28705,0.223513333,17.30296487,17.28442488
2021.8644,BPPR4D01A1,11.68239845,11.83317215,12.0384913,12.19148936,100.264191,99.96365213,6999.9,3301587.302,3301587.302,70.10989011,70.32967033,70.25641026,75.14041514,75.14041514,1.734791761,32.36666667,31.75,480.2733333,1419.456667,1419.6,5999.58,5999.5,7000.793333,7000.2,-4.436666667,-4.3,15083.4,15085.5,40.18199997,40.17599988,12.45166667,12.4749999,102.0,0.260006177,0.260008239,14.9996,2.26225,0.26769,2.29266,2.28705,0.223513333,17.30296487,17.28442488
2082.4088,BPPR4D01A2,11.45860735,11.59961315,11.82011605,11.95502901,100.2792095,99.96466398,6999.6,3396011.396,3399267.399,70.03663004,70.38827839,70.4029304,75.16971917,75.14041514,1.698391949,33.16666667,33.0,480.33,1419.4,1419.25,6000.313333,5999.8,7001.196667,6999.3,-3.363333333,-3.325,15087.2,15088.5,40.17999964,40.18799973,12.44333337,12.48999977,113.0,0.260008239,0.255008051,14.71203333,1.95575,0.267766667,2.291776667,2.302475,0.225746667,16.85461745,16.84770501
2086.0424,BPPR4D01A1,11.45860735,11.59961315,11.82011605,11.95502901,100.2792095,99.96466398,6999.6,3396011.396,3399267.399,70.03663004,70.38827839,70.4029304,75.16971917,75.14041514,1.734791761,32.1,33.25,480.3033333,1419.4,1419.25,6000.313333,5999.8,7001.196667,6999.3,-3.363333333,-3.325,15087.2,15088.5,40.17999964,40.18799973,12.44333337,12.48999977,102.0,0.255008051,0.260008239,14.71203333,1.95575,0.267766667,2.291776667,2.302475,0.225746667,16.85461745,16.84770501
2070.1208,BPPR4D01A1,11.54138598,11.53288201,11.80911092,11.87524178,100.2646394,99.97320271,7000.5,3301587.302,3301587.302,70.03663004,70.35998484,70.4029304,75.17072965,75.14041514,1.734791761,32.27586207,34.0,480.2206897,1419.868966,1420.15,5999.437931,5999.2,7000.37931,6999.6,-3.55862069,-3.475,15083.37931,15085.5,40.18013763,40.18799973,12.44482764,12.47999954,102.0,0.250000313,0.260008239,14.53855172,1.217,0.268093103,2.290289655,2.306925,0.226772414,16.90018764,16.88873333
2112.222,BPPR4D01A2,11.54138598,11.53288201,11.80911092,11.87524178,100.2646394,99.97320271,7000.5,3301587.302,3301587.302,70.03663004,70.35998484,70.4029304,75.17072965,75.14041514,1.703399687,32.96551724,32.5,480.3068966,1419.868966,1420.15,5999.437931,5999.2,7000.37931,6999.6,-3.55862069,-3.475,15083.37931,15085.5,40.18013763,40.18799973,12.44482764,12.47999954,113.0,0.260008239,0.250000313,14.53855172,1.217,0.268093103,2.290289655,2.306925,0.226772414,16.90018764,16.88873333
2021.9564,BPPR4D01A2,11.62669246,11.54883946,11.92959381,11.94052224,100.2900871,99.98089266,6999.9,3301587.302,3301587.302,70.03663004,70.22873423,70.25641026,75.20553521,75.23809524,1.698391949,32.9,34.75,480.3,1419.433333,1419.075,5999.823333,5999.5,6999.94,7000.2,-3.823333333,-3.85,15085.0,15090.0,40.17799969,40.18799973,12.44833339,12.48499966,113.0,0.260008239,0.255008051,15.40403333,2.156,0.26909,2.298093333,2.2986,0.227946667,16.85484634,16.83551668
2011.7044,BPPR4D01A1,11.62669246,11.54883946,11.92959381,11.94052224,100.2900871,99.98089266,6999.9,3301587.302,3301587.302,70.03663004,70.22873423,70.25641026,75.20553521,75.23809524,1.734791761,32.83333333,33.0,480.21,1419.433333,1419.075,5999.823333,5999.5,6999.94,7000.2,-3.823333333,-3.85,15085.0,15090.0,40.17799969,40.18799973,12.44833339,12.48499966,102.0,0.255008051,0.260008239,15.40403333,2.156,0.26909,2.298093333,2.2986,0.227946667,16.85484634,16.83551668
2118.956,BPPR4D01A1,12.3137206,12.56286267,12.65757784,12.87765957,100.3069356,99.943717,6999.9,3399267.399,3399267.399,70.01221001,70.28870771,70.32967033,75.27590689,75.23809524,1.734791761,32.61290323,33.0,480.2451613,1419.767742,1419.65,6000.780645,5999.5,7001.212903,7000.2,-4.029032258,-3.925,15084.3871,15088.5,40.17599986,40.18499923,12.44258068,12.46750021,102.0,0.255008051,0.260008239,14.90487097,2.13925,0.267116129,2.291041935,2.298375,0.226970968,16.8567978,16.85749001
2111.1056,BPPR4D01A2,12.3137206,12.56286267,12.65757784,12.87765957,100.3069356,99.943717,6999.9,3399267.399,3399267.399,70.01221001,70.28870771,70.32967033,75.27590689,75.23809524,1.698391949,32.32258065,34.0,480.2935484,1419.767742,1419.65,6000.780645,5999.5,7001.212903,7000.2,-4.029032258,-3.925,15084.3871,15088.5,40.17599986,40.18499923,12.44258068,12.46750021,113.0,0.260008239,0.255008051,14.90487097,2.13925,0.267116129,2.291041935,2.298375,0.226970968,16.8567978,16.85749001
2052.464,BPPR4D01A2,12.31972921,12.55705996,12.63384913,12.89796905,100.2904371,99.95050335,6999.9,3301587.302,3301587.302,70.03663004,70.28734229,70.32967033,75.18599919,75.21367521,1.693393823,32.73333333,33.5,480.3466667,1419.543333,1419.25,6000.886667,5999.5,7001.196667,7000.5,-4.0,-3.775,15086.4,15097.5,40.17319965,40.1970005,12.44933335,12.47999954,113.0,0.260008239,0.260006177,14.51393333,2.12025,0.26704,2.292156667,2.29715,0.226906667,16.84926145,16.86847667
2084.2436,BPPR4D01A1,12.31972921,12.55705996,12.63384913,12.89796905,100.2904371,99.95050335,6999.9,3301587.302,3301587.302,70.03663004,70.28734229,70.32967033,75.18599919,75.21367521,1.734791761,32.33333333,33.0,480.32,1419.543333,1419.25,6000.886667,5999.5,7001.196667,7000.5,-4.0,-3.775,15086.4,15097.5,40.17319965,40.1970005,12.44933335,12.47999954,102.0,0.260006177,0.260008239,14.51393333,2.12025,0.26704,2.292156667,2.29715,0.226906667,16.84926145,16.86847667
2111.1484,BPPR4D01A1,5.996069133,5.902804642,6.651400761,6.59622824,100.1628239,99.95405912,6999.8,3383512.545,3399267.399,70.03663004,70.29500965,70.30525031,75.20028359,75.28693529,1.724295697,32.03225806,32.5,480.2709677,1419.512903,1419.475,6000.383871,5999.6,6999.841935,6998.8,-5.525806452,-5.275,15084.96774,15084.0,40.17445112,40.20299935,12.44903223,12.47999954,102.0,0.260991772,0.260004303,14.80216129,1.84075,0.27046129,2.295625806,2.30015,0.226703226,16.50945532,16.46351512
2112.6412,BPPR4D01A2,5.996069133,5.902804642,6.651400761,6.59622824,100.1628239,99.95405912,6999.8,3383512.545,3399267.399,70.03663004,70.29500965,70.30525031,75.20028359,75.28693529,1.696008228,32.41935484,31.5,480.3,1419.512903,1419.475,6000.383871,5999.6,6999.841935,6998.8,-5.525806452,-5.275,15084.96774,15084.0,40.17445112,40.20299935,12.44903223,12.47999954,113.0,0.260004303,0.260991772,14.80216129,1.84075,0.27046129,2.295625806,2.30015,0.226703226,16.50945532,16.46351512
2109.3328,BPPR4D01A1,5.93926499,5.915860735,6.622437137,6.613636364,100.1721417,99.96099186,6999.8,3301587.302,3301587.302,70.03663004,70.28734229,70.30525031,75.19251119,75.18925519,1.724295697,31.66666667,33.0,480.2266667,1419.866667,1419.5,5999.34,5999.6,6999.2,6999.1,-4.663333333,-4.3,15082.4,15087.0,40.1751997,40.19100022,12.45200011,12.47749972,102.0,0.260991772,0.260004303,14.76553333,1.37275,0.270056667,2.293986667,2.296675,0.226666667,16.54575488,16.49767678
2121.5416,BPPR4D01A2,5.93926499,5.915860735,6.622437137,6.613636364,100.1721417,99.96099186,6999.8,3301587.302,3301587.302,70.03663004,70.28734229,70.30525031,75.19251119,75.18925519,1.696008228,31.9,32.75,480.28,1419.866667,1419.5,5999.34,5999.6,6999.2,6999.1,-4.663333333,-4.3,15082.4,15087.0,40.1751997,40.19100022,12.45200011,12.47749972,113.0,0.260004303,0.260991772,14.76553333,1.37275,0.270056667,2.293986667,2.296675,0.226666667,16.54575488,16.49767678
2057.262,BPPR4D01A1,5.923984526,5.90860735,6.599613153,6.606382979,100.1678623,99.95168304,6999.8,3301587.302,3301587.302,70.03663004,70.33292633,70.32967033,75.17297517,75.21367521,1.724295697,32.9,30.5,480.2233333,1419.85,1419.7,5999.46,5999.9,6998.84,6999.4,-4.49,-4.725,15085.4,15087.0,40.18519993,40.18799973,12.45666676,12.47999954,102.0,0.263990648,0.260004303,14.98326667,1.52675,0.275536667,2.29434,2.287375,0.229736667,16.47956023,16.42180013
2040.2656,BPPR4D01A2,5.923984526,5.90860735,6.599613153,6.606382979,100.1678623,99.95168304,6999.8,3301587.302,3301587.302,70.03663004,70.33292633,70.32967033,75.17297517,75.21367521,1.693009352,32.36666667,32.5,480.2733333,1419.85,1419.7,5999.46,5999.9,6998.84,6999.4,-4.49,-4.725,15085.4,15087.0,40.18519993,40.18799973,12.45666676,12.47999954,113.0,0.260004303,0.263990648,14.98326667,1.52675,0.275536667,2.29434,2.287375,0.229736667,16.47956023,16.42180013
2025.5636,BPPR4D01A1,6.028626692,5.902804642,6.626499033,6.613636364,100.1766176,99.97798061,6999.8,3301587.302,3301587.302,69.98778999,70.32967033,70.32967033,75.22507123,75.23809524,1.724295697,32.66666667,32.75,480.1766667,1419.733333,1419.775,5999.58,6000.2,6999.676667,6999.4,-4.45,-4.3,15086.2,15084.0,40.16919975,40.17000031,12.45200005,12.4824996,102.0,0.263990648,0.260004303,15.2187,1.7595,0.27513,2.295513333,2.287525,0.2295,16.51007111,16.44720679
1999.5048,BPPR4D01A2,6.028626692,5.902804642,6.626499033,6.613636364,100.1766176,99.97798061,6999.8,3301587.302,3301587.302,69.98778999,70.32967033,70.32967033,75.22507123,75.23809524,1.693009352,32.5,33.5,480.1766667,1419.733333,1419.775,5999.58,6000.2,6999.676667,6999.4,-4.45,-4.3,15086.2,15084.0,40.16919975,40.17000031,12.45200005,12.4824996,113.0,0.260004303,0.263990648,15.2187,1.7595,0.27513,2.295513333,2.287525,0.2295,16.51007111,16.44720679
2102.9968,BPPR4D01A1,6.037137331,5.901353965,6.650870406,6.613636364,100.1672616,99.95718193,6999.8,3399267.399,3399267.399,70.03663004,70.21896622,70.23199023,75.28367928,75.33577534,1.724295697,32.26666667,32.0,480.2833333,1419.863333,1419.95,5999.62,5999.6,6999.236667,6999.1,-4.506666667,-4.225,15085.0,15084.0,40.1843997,40.18799973,12.4486667,12.4749999,102.0,0.263990648,0.260004303,15.16183333,1.72625,0.275146667,2.2929,2.2947,0.229586667,16.55289621,16.48308512
2079.8876,BPPR4D01A2,6.037137331,5.901353965,6.650870406,6.613636364,100.1672616,99.95718193,6999.8,3399267.399,3399267.399,70.03663004,70.21896622,70.23199023,75.28367928,75.33577534,1.693009352,33.16666667,33.5,480.3033333,1419.863333,1419.95,5999.62,5999.6,6999.236667,6999.1,-4.506666667,-4.225,15085.0,15084.0,40.1843997,40.18799973,12.4486667,12.4749999,113.0,0.260004303,0.263990648,15.16183333,1.72625,0.275146667,2.2929,2.2947,0.229586667,16.55289621,16.48308512
2006.4428,BPPR4D01A1,5.919136457,5.905705996,6.593935234,6.603481625,100.2631592,99.95453882,6999.5,3301587.302,3301587.302,70.03663004,70.11225334,70.13431013,75.15301902,75.18925519,1.724295697,32.32258065,32.75,480.2096774,1419.93871,1420.025,5999.996774,6000.2,6999.574194,6999.1,-3.835483871,-3.925,15084.96774,15090.0,40.17909659,40.1730001,12.44387091,12.4824996,102.0,0.257002884,0.260004303,15.38425806,2.03,0.268167742,2.294864516,2.308,0.250535484,16.79750083,16.76273003
2036.8416,BPPR4D01A2,5.919136457,5.905705996,6.593935234,6.603481625,100.2631592,99.95453882,6999.5,3301587.302,3301587.302,70.03663004,70.11225334,70.13431013,75.15301902,75.18925519,1.699997116,33.06451613,34.0,480.1935484,1419.93871,1420.025,5999.996774,6000.2,6999.574194,6999.1,-3.835483871,-3.925,15084.96774,15090.0,40.17909659,40.1730001,12.44387091,12.4824996,113.0,0.260004303,0.257002884,15.38425806,2.03,0.268167742,2.294864516,2.308,0.250535484,16.79750083,16.76273003
2114.6684,BPPR4D01A1,5.937480502,5.930367505,6.601984152,6.603481625,100.2524108,99.95066309,6999.5,3301587.302,3301587.302,70.03663004,69.25125054,70.06105006,75.27275592,75.26251526,1.724295697,32.4516129,33.25,480.2451613,1419.754839,1419.775,6000.035484,5999.9,6999.458065,6998.8,-4.912903226,-5.05,15083.41935,15082.5,40.17716116,40.19999957,12.44161289,12.47250009,102.0,0.257002884,0.260004303,15.20364516,1.697,0.268577419,2.296325806,2.290375,0.249854839,16.81495545,16.78333003
2152.384,BPPR4D01A2,5.937480502,5.930367505,6.601984152,6.603481625,100.2524108,99.95066309,6999.5,3301587.302,3301587.302,70.03663004,69.25125054,70.06105006,75.27275592,75.26251526,1.699997116,33.09677419,32.25,480.2741935,1419.754839,1419.775,6000.035484,5999.9,6999.458065,6998.8,-4.912903226,-5.05,15083.41935,15082.5,40.17716116,40.19999957,12.44161289,12.47250009,113.0,0.260004303,0.257002884,15.20364516,1.697,0.268577419,2.296325806,2.290375,0.249854839,16.81495545,16.78333003
2083.1136,BPPR4D01A1,5.929618768,5.89410058,6.590753104,6.602030948,100.2548584,99.95691776,6999.8,3399267.399,3399267.399,70.03663004,70.13115916,70.10989011,75.14041514,75.14041514,1.724295697,32.74193548,32.5,480.2580645,1419.796774,1419.825,6000.074194,6000.2,6999.264516,6999.7,-3.835483871,-4.075,15083.03226,15082.5,40.17599986,40.18799973,12.44354845,12.47999954,102.0,0.261991397,0.260004303,15.12587097,2.23575,0.269951613,2.2938,2.2918,0.248954839,16.82018297,16.78899503
2060.6308,BPPR4D01A2,5.929618768,5.89410058,6.590753104,6.602030948,100.2548584,99.95691776,6999.8,3399267.399,3399267.399,70.03663004,70.13115916,70.10989011,75.14041514,75.14041514,1.695008603,33.32258065,33.5,480.2225806,1419.796774,1419.825,6000.074194,6000.2,6999.264516,6999.7,-3.835483871,-4.075,15083.03226,15082.5,40.17599986,40.18799973,12.44354845,12.47999954,113.0,0.260004303,0.261991397,15.12587097,2.23575,0.269951613,2.2938,2.2918,0.248954839,16.82018297,16.78899503
2116.5488,BPPR4D01A1,5.923067324,5.90860735,6.606102203,6.625241779,100.2422393,99.98276901,6999.8,3301587.302,3301587.302,70.03663004,70.13431013,70.13431013,75.1876797,75.14041514,1.724295697,32.5483871,33.5,480.3032258,1419.829032,1419.825,5999.996774,6000.2,6999.458065,7000.0,-5.225806452,-5.475,15086.51613,15087.0,40.18103175,40.20300007,12.44903217,12.47999954,102.0,0.264999885,0.260004303,15.273,1.634,0.272941935,2.294793548,2.282525,0.249912903,16.79335868,16.75964003
2092.4348,BPPR4D01A2,5.923067324,5.90860735,6.606102203,6.625241779,100.2422393,99.98276901,6999.8,3301587.302,3301587.302,70.03663004,70.13431013,70.13431013,75.1876797,75.14041514,1.692000115,34.06451613,35.0,480.3032258,1419.829032,1419.825,5999.996774,6000.2,6999.458065,7000.0,-5.225806452,-5.475,15086.51613,15087.0,40.18103175,40.20300007,12.44903217,12.47999954,113.0,0.260004303,0.264999885,15.273,1.634,0.272941935,2.294793548,2.282525,0.249912903,16.79335868,16.75964003
2058.9836,BPPR4D01A2,5.956673114,5.920212766,6.615280464,6.602030948,100.266013,99.9474287,6999.5,3301587.302,3301587.302,70.03663004,35.82417582,35.82417582,75.20553521,75.16483516,1.695008603,32.63333333,33.25,480.2933333,1419.793333,1419.775,6000.1,6000.2,6999.636667,6999.7,-3.873333333,-3.4,15085.6,15082.5,40.1815999,40.18799973,12.44266666,12.47250009,113.0,0.260004303,0.261991397,15.20513333,1.7675,0.275346667,2.292463333,2.30685,0.252053333,16.80446791,16.75809503
2047.3148,BPPR4D01A1,5.956673114,5.920212766,6.615280464,6.602030948,100.266013,99.9474287,6999.5,3301587.302,3301587.302,70.03663004,35.82417582,35.82417582,75.20553521,75.16483516,1.724295697,32.6,31.25,480.2,1419.793333,1419.775,6000.1,6000.2,6999.636667,6999.7,-3.873333333,-3.4,15085.6,15082.5,40.1815999,40.18799973,12.44266666,12.47250009,102.0,0.261991397,0.260004303,15.20513333,1.7675,0.275346667,2.292463333,2.30685,0.252053333,16.80446791,16.75809503
2043.3956,BPPR4D01A1,5.924377613,5.915860735,6.590004368,6.599129594,100.2390141,99.9457202,6999.5,3301587.302,3301587.302,70.03663004,27.17554847,27.17948718,75.17507582,75.23809524,1.724295697,32.06451613,33.5,480.1870968,1419.516129,1419.8,6000.035484,5999.6,6999.264516,6998.8,-5.161290323,-4.95,15084.0,15088.5,40.17599986,40.16699982,12.44870967,12.4749999,102.0,0.261991397,0.260004303,15.39354839,2.34825,0.275303226,2.293290323,2.29325,0.251693548,16.79637115,16.75809503
2057.2672,BPPR4D01A2,5.924377613,5.915860735,6.590004368,6.599129594,100.2390141,99.9457202,6999.5,3301587.302,3301587.302,70.03663004,27.17554847,27.17948718,75.17507582,75.23809524,1.695008603,33.09677419,32.25,480.2516129,1419.516129,1419.8,6000.035484,5999.6,6999.264516,6998.8,-5.161290323,-4.95,15084.0,15088.5,40.17599986,40.16699982,12.44870967,12.4749999,113.0,0.260004303,0.261991397,15.39354839,2.34825,0.275303226,2.293290323,2.29325,0.251693548,16.79637115,16.75809503
2008.7228,BPPR4D01A1,5.92296405,5.90860735,6.591075835,6.599129594,100.252301,99.97606373,6999.8,3301587.302,3301587.302,70.03663004,25.81196581,25.81196581,75.23472696,75.33577534,1.724295697,32.51724138,33.0,480.2275862,1419.848276,1419.75,6000.044828,5999.6,6999.296552,6999.4,-4.334482759,-4.15,15084.62069,15084.0,40.17724119,40.17899966,12.45068961,12.47999954,102.0,0.261991397,0.260004303,14.4672069,1.413,0.275431034,2.294613793,2.295375,0.251989655,16.77744009,16.74676504
2017.3096,BPPR4D01A2,5.92296405,5.90860735,6.591075835,6.599129594,100.252301,99.97606373,6999.8,3301587.302,3301587.302,70.03663004,25.81196581,25.81196581,75.23472696,75.33577534,1.695008603,33.68965517,32.25,480.2724138,1419.848276,1419.75,6000.044828,5999.6,6999.296552,6999.4,-4.334482759,-4.15,15084.62069,15084.0,40.17724119,40.17899966,12.45068961,12.47999954,113.0,0.260004303,0.261991397,14.4672069,1.413,0.275431034,2.294613793,2.295375,0.251989655,16.77744009,16.74676504
2152.8068,BPPR4D01A1,5.964023211,5.944874275,6.618762089,6.619439072,100.2763275,99.91286659,7000.4,3301587.302,3301587.302,70.03663004,70.12779813,70.13431013,75.21530322,75.23809524,1.724295697,33.06666667,32.75,480.25,1419.636667,1419.6,5999.78,6000.2,6999.32,6999.7,-3.15,-3.35,15087.0,15081.0,40.17719984,40.17900038,12.44799992,12.47749972,102.0,0.266999135,0.260004303,14.92853333,1.8215,0.276323333,2.296016667,2.2937,0.249383333,16.92255165,16.867275
2100.311667,BPPR4D01A2,5.964023211,5.944874275,6.618762089,6.619439072,100.2763275,99.91286659,7000.4,3301587.302,3301587.302,70.03663004,70.12779813,70.13431013,75.21530322,75.23809524,1.690000865,32.96666667,34.5,480.2933333,1419.636667,1419.6,5999.78,6000.2,6999.32,6999.7,-3.15,-3.35,15087.0,15081.0,40.17719984,40.17900038,12.44799992,12.47749972,113.0,0.260004303,0.266999135,14.92853333,1.8215,0.276323333,2.296016667,2.2937,0.249383333,16.92255165,16.867275
2132.5392,BPPR4D01A1,5.93384913,5.93762089,6.605996132,6.613636364,100.2693424,99.96072626,6999.5,3382987.383,3399267.399,70.03663004,70.12128612,70.10989011,75.27065527,75.33577534,1.724295697,32.9,32.5,480.27,1419.716667,1419.65,5999.98,5999.9,6999.52,6999.7,-3.526666667,-3.475,15084.6,15087.0,40.1763999,40.20599985,12.45233335,12.47999954,102.0,0.266999135,0.260004303,14.77153333,1.63,0.276113333,2.296206667,2.300175,0.249053333,16.80870235,16.77045503
2060.3116,BPPR4D01A2,5.93384913,5.93762089,6.605996132,6.613636364,100.2693424,99.96072626,6999.5,3382987.383,3399267.399,70.03663004,70.12128612,70.10989011,75.27065527,75.33577534,1.690000865,33.0,33.75,480.2066667,1419.716667,1419.65,5999.98,5999.9,6999.52,6999.7,-3.526666667,-3.475,15084.6,15087.0,40.1763999,40.20599985,12.45233335,12.47999954,113.0,0.260004303,0.266999135,14.77153333,1.63,0.276113333,2.296206667,2.300175,0.249053333,16.80870235,16.77045503
2019.1232,BPPR4D01A1,5.940729483,5.930367505,6.600373031,6.604932302,100.3039897,99.96448612,7000.1,3301587.302,3301587.302,70.03663004,70.11337868,70.08547009,75.24856096,75.21367521,1.724295697,32.85714286,33.25,480.2892857,1419.907143,1419.725,6000.028571,5999.6,6999.485714,6998.8,-4.535714286,-4.075,15083.35714,15087.0,40.17985685,40.1730001,12.45392861,12.47000027,102.0,0.264999885,0.260004303,13.81325,1.55525,0.276228571,2.296542857,2.298925,0.248871429,16.85199667,16.81938002
1997.3484,BPPR4D01A2,5.940729483,5.930367505,6.600373031,6.604932302,100.3039897,99.96448612,7000.1,3301587.302,3301587.302,70.03663004,70.11337868,70.08547009,75.24856096,75.21367521,1.692000115,32.96428571,32.75,480.3071429,1419.907143,1419.725,6000.028571,5999.6,6999.485714,6998.8,-4.535714286,-4.075,15083.35714,15087.0,40.17985685,40.1730001,12.45392861,12.47000027,113.0,0.260004303,0.264999885,13.81325,1.55525,0.276228571,2.296542857,2.298925,0.248871429,16.85199667,16.81938002
2008.5596,BPPR4D01A2,5.965390992,5.973887814,6.632495164,6.639748549,100.3191673,99.9635973,7000.4,3392290.249,3374847.375,70.03663004,70.09942439,70.06105006,75.26251526,75.14041514,1.692000115,32.53571429,33.75,480.3428571,1419.535714,1419.475,5999.685714,5999.9,6999.442857,6999.7,-4.203571429,-4.45,15085.5,15079.5,40.18071393,40.19400001,12.45392861,12.47250009,113.0,0.260004303,0.264999885,13.86525,1.611,0.276017857,2.292903571,2.297475,0.248882143,16.88601119,16.85045167
2030.1392,BPPR4D01A1,5.965390992,5.973887814,6.632495164,6.639748549,100.3191673,99.9635973,7000.4,3392290.249,3374847.375,70.03663004,70.09942439,70.06105006,75.26251526,75.14041514,1.724295697,33.17857143,34.0,480.2214286,1419.535714,1419.475,5999.685714,5999.9,6999.442857,6999.7,-4.203571429,-4.45,15085.5,15079.5,40.18071393,40.19400001,12.45392861,12.47250009,102.0,0.264999885,0.260004303,13.86525,1.611,0.276017857,2.292903571,2.297475,0.248882143,16.88601119,16.85045167
2037.3824,BPPR4D01A1,5.955779364,5.93762089,6.639698526,6.638297872,100.2835641,99.92085981,6999.5,3301587.302,3301587.302,70.03663004,70.12083702,70.06105006,75.15725654,75.14041514,1.724295697,33.48275862,35.0,480.2758621,1419.510345,1419.55,6000.334483,5999.9,6999.544828,6998.8,-5.286206897,-5.125,15085.86207,15091.5,40.1726896,40.17299938,12.44206902,12.47749972,102.0,0.265000216,0.260004303,14.03206897,2.28325,0.274737931,2.293065517,2.298175,0.247968966,16.82702214,16.79002503
2010.4272,BPPR4D01A2,5.955779364,5.93762089,6.639698526,6.638297872,100.2835641,99.92085981,6999.5,3301587.302,3301587.302,70.03663004,70.12083702,70.06105006,75.15725654,75.14041514,1.691999784,33.79310345,32.0,480.2793103,1419.510345,1419.55,6000.334483,5999.9,6999.544828,6998.8,-5.286206897,-5.125,15085.86207,15091.5,40.1726896,40.17299938,12.44206902,12.47749972,113.0,0.260004303,0.265000216,14.03206897,2.28325,0.274737931,2.293065517,2.298175,0.247968966,16.82702214,16.79002503
2038.3064,BPPR4D01A1,5.958091554,5.956479691,6.627767032,6.649903288,100.2312002,99.9682169,7000.1,3301587.302,3301587.302,70.01221001,70.12707457,70.13431013,75.26703749,75.14041514,1.724295697,32.77777778,33.0,480.2703704,1419.707407,1419.375,5999.966667,5999.9,6999.422222,6999.7,-3.922222222,-4.075,15087.33333,15084.0,40.16977766,40.18199944,12.44370376,12.47000027,102.0,0.264999885,0.260004303,14.62655556,2.17025,0.274962963,2.294118519,2.289175,0.248062963,16.79006317,16.76685003
2012.6828,BPPR4D01A2,5.958091554,5.956479691,6.627767032,6.649903288,100.2312002,99.9682169,7000.1,3301587.302,3301587.302,70.01221001,70.12707457,70.13431013,75.26703749,75.14041514,1.692000115,32.81481481,31.25,480.3592593,1419.707407,1419.375,5999.966667,5999.9,6999.422222,6999.7,-3.922222222,-4.075,15087.33333,15084.0,40.16977766,40.18199944,12.44370376,12.47000027,113.0,0.260004303,0.264999885,14.62655556,2.17025,0.274962963,2.294118519,2.289175,0.248062963,16.79006317,16.76685003
2031.9932,BPPR4D01A1,5.970364742,5.968085106,6.643893341,6.657156673,100.2940796,99.96164131,7000.1,3399267.399,3399267.399,70.08547009,70.13082156,70.13431013,75.25553811,75.26251526,1.724295697,33.64285714,32.75,480.2321429,1419.542857,1419.5,5999.942857,5999.9,6999.4,6999.7,-4.657142857,-4.75,15085.92857,15088.5,40.17128573,40.19400001,12.44678579,12.47000027,102.0,0.264999885,0.260004303,13.67967857,1.4515,0.273567857,2.285667857,2.335825,0.247342857,16.83066097,16.80908002
2008.8836,BPPR4D01A2,5.970364742,5.968085106,6.643893341,6.657156673,100.2940796,99.96164131,7000.1,3399267.399,3399267.399,70.08547009,70.13082156,70.13431013,75.25553811,75.26251526,1.692000115,32.89285714,33.25,480.3464286,1419.542857,1419.5,5999.942857,5999.9,6999.4,6999.7,-4.657142857,-4.75,15085.92857,15088.5,40.17128573,40.19400001,12.44678579,12.47000027,113.0,0.260004303,0.264999885,13.67967857,1.4515,0.273567857,2.285667857,2.335825,0.247342857,16.83066097,16.80908002
1984.3204,BPPR4D01A2,5.965183752,5.959381044,6.637261674,6.631044487,100.3080036,99.96327734,6999.8,3301587.302,3301587.302,70.03663004,70.03663004,70.03663004,75.18925519,75.31135531,1.692000115,33.92857143,35.0,480.2428571,1419.9,1419.7,5999.9,5999.6,6999.4,6999.4,-5.082142857,-4.875,15084.85714,15088.5,40.17685676,40.19099951,12.43964287,12.47749996,113.0,0.260004303,0.264999885,14.09921429,1.84775,0.275446429,2.295089286,2.2976,0.249482143,16.82867454,16.78899503
2006.3072,BPPR4D01A1,5.965183752,5.959381044,6.637261674,6.631044487,100.3080036,99.96327734,6999.8,3301587.302,3301587.302,70.03663004,70.03663004,70.03663004,75.18925519,75.31135531,1.724295697,33.46428571,34.5,480.2321429,1419.9,1419.7,5999.9,5999.6,6999.4,6999.4,-5.082142857,-4.875,15084.85714,15088.5,40.17685676,40.19099951,12.43964287,12.47749996,102.0,0.264999885,0.260004303,14.09921429,1.84775,0.275446429,2.295089286,2.2976,0.249482143,16.82867454,16.78899503
1963.8852,BPPR4D01A1,5.982799116,5.965183752,6.646587455,6.645551257,100.3565723,99.93962955,6999.5,3301587.302,3301587.302,70.03663004,70.13431013,70.13431013,75.22065236,75.23809524,1.724295697,32.82142857,32.75,480.2892857,1419.535714,1419.85,5999.942857,5999.6,6999.271429,6999.7,-5.235714286,-5.325,15084.64286,15090.0,40.17942851,40.18799973,12.44214293,12.47749972,102.0,0.261991397,0.260004303,13.47675,1.2735,0.254239286,2.293428571,2.2914,0.236964286,16.9195107,16.876545
1958.51,BPPR4D01A2,5.982799116,5.965183752,6.646587455,6.645551257,100.3565723,99.93962955,6999.5,3301587.302,3301587.302,70.03663004,70.13431013,70.13431013,75.22065236,75.23809524,1.695008603,32.85714286,33.75,480.3214286,1419.535714,1419.85,5999.942857,5999.6,6999.271429,6999.7,-5.235714286,-5.325,15084.64286,15090.0,40.17942851,40.18799973,12.44214293,12.47749972,113.0,0.260004303,0.261991397,13.47675,1.2735,0.254239286,2.293428571,2.2914,0.236964286,16.9195107,16.876545
1951.0656,BPPR4D01A1,5.976789168,5.978239845,6.697361149,6.648452611,100.32235,99.90295601,6999.8,3399267.399,3399267.399,70.03663004,70.19012733,70.15873016,75.14041514,75.14041514,1.724295697,33.71428571,33.75,480.2714286,1419.792857,1419.925,5999.857143,5999.9,6999.4,6999.4,-3.753571429,-3.85,15083.14286,15087.0,40.18157142,40.18200016,12.45142865,12.47749972,102.0,0.261991397,0.260004303,13.69960714,1.40875,0.254078571,2.292396429,2.29735,0.236364286,16.86219858,16.81182669
1942.7604,BPPR4D01A2,5.976789168,5.978239845,6.697361149,6.648452611,100.32235,99.90295601,6999.8,3399267.399,3399267.399,70.03663004,70.19012733,70.15873016,75.14041514,75.14041514,1.695008603,33.17857143,35.5,480.3357143,1419.792857,1419.925,5999.857143,5999.9,6999.4,6999.4,-3.753571429,-3.85,15083.14286,15087.0,40.18157142,40.18200016,12.45142865,12.47749972,113.0,0.260004303,0.261991397,13.69960714,1.40875,0.254078571,2.292396429,2.29735,0.236364286,16.86219858,16.81182669
1968.674,BPPR4D01A2,5.978032606,5.981141199,6.643893341,6.670212766,100.2837156,99.96960688,6999.8,3399267.399,3399267.399,70.03663004,70.13082156,70.13431013,75.22762951,75.14041514,1.695008603,33.57142857,34.5,480.2857143,1419.692857,1419.6,5999.814286,5999.9,6999.228571,6999.7,-4.15,-3.775,15085.07143,15088.5,40.17599968,40.18799973,12.44714291,12.4749999,113.0,0.260004303,0.261991397,14.00835714,1.7465,0.254735714,2.295492857,2.31025,0.237332143,16.8125624,16.76273003
1977.0988,BPPR4D01A1,5.978032606,5.981141199,6.643893341,6.670212766,100.2837156,99.96960688,6999.8,3399267.399,3399267.399,70.03663004,70.13082156,70.13431013,75.22762951,75.14041514,1.724295697,33.64285714,32.5,480.2285714,1419.692857,1419.6,5999.814286,5999.9,6999.228571,6999.7,-4.15,-3.775,15085.07143,15088.5,40.17599968,40.18799973,12.44714291,12.4749999,102.0,0.261991397,0.260004303,14.00835714,1.7465,0.254735714,2.295492857,2.31025,0.237332143,16.8125624,16.76273003
1971.0296,BPPR4D01A2,5.991710417,5.978239845,6.683268859,6.667311412,100.3174746,99.90315437,6999.8,3301587.302,3301587.302,70.03663004,70.13431013,70.13431013,75.16134659,75.23809524,1.695008603,34.42857143,34.25,480.2928571,1419.667857,1420.2,6000.114286,5999.9,6999.271429,6999.4,-3.546428571,-3.7,15084.85714,15085.5,40.17857122,40.19100022,12.4457142,12.4749999,113.0,0.260004303,0.261991397,14.25821429,2.00825,0.254189286,2.293028571,2.2938,0.237342857,16.86649024,16.80599002
1984.7484,BPPR4D01A1,5.991710417,5.978239845,6.683268859,6.667311412,100.3174746,99.90315437,6999.8,3301587.302,3301587.302,70.03663004,70.13431013,70.13431013,75.16134659,75.23809524,1.724295697,33.71428571,35.75,480.2857143,1419.667857,1420.2,6000.114286,5999.9,6999.271429,6999.4,-3.546428571,-3.7,15084.85714,15085.5,40.17857122,40.19100022,12.4457142,12.4749999,102.0,0.261991397,0.260004303,14.25821429,2.00825,0.254189286,2.293028571,2.2938,0.237342857,16.86649024,16.80599002
1970.1644,BPPR4D01A2,5.998599346,5.984042553,6.665910758,6.671663443,100.3004533,99.93917799,6999.2,3399267.399,3399267.399,70.03663004,70.13431013,70.13431013,75.17746621,75.14041514,1.699997116,33.82758621,36.25,480.3310345,1419.655172,1419.575,6000.086207,5999.9,6999.751724,6999.7,-3.703448276,-4.375,15082.13793,15087.0,40.17144792,40.18199944,12.44655178,12.47250009,113.0,0.260004303,0.257002884,13.85272414,2.09925,0.248668966,2.291441379,2.341075,0.226472414,16.91093752,16.89079333
1944.1436,BPPR4D01A1,5.998599346,5.984042553,6.665910758,6.671663443,100.3004533,99.93917799,6999.2,3399267.399,3399267.399,70.03663004,70.13431013,70.13431013,75.17746621,75.14041514,1.724295697,34.03448276,35.25,480.2482759,1419.655172,1419.575,6000.086207,5999.9,6999.751724,6999.7,-3.703448276,-4.375,15082.13793,15087.0,40.17144792,40.18199944,12.44655178,12.47250009,102.0,0.257002884,0.260004303,13.85272414,2.09925,0.248668966,2.291441379,2.341075,0.226472414,16.91093752,16.89079333
1949.4748,BPPR4D01A1,6.002901354,6.001450677,6.676429953,6.671663443,100.3102378,99.95503521,6999.2,3399267.399,3399267.399,70.03663004,70.13431013,70.13431013,75.22762951,75.14041514,1.724295697,33.03571429,32.25,480.2928571,1419.85,1420.025,5999.814286,5999.9,6999.314286,6999.1,-4.635714286,-4.825,15084.85714,15084.0,40.18157142,40.15799975,12.43785719,12.4749999,102.0,0.257002884,0.260004303,13.57771429,1.36,0.250085714,2.295664286,2.290925,0.227328571,16.85025548,16.81955168
1973.5992,BPPR4D01A2,6.002901354,6.001450677,6.676429953,6.671663443,100.3102378,99.95503521,6999.2,3399267.399,3399267.399,70.03663004,70.13431013,70.13431013,75.22762951,75.14041514,1.699997116,33.85714286,34.5,480.3071429,1419.85,1420.025,5999.814286,5999.9,6999.314286,6999.1,-4.635714286,-4.825,15084.85714,15084.0,40.18157142,40.15799975,12.43785719,12.4749999,113.0,0.260004303,0.257002884,13.57771429,1.36,0.250085714,2.295664286,2.290925,0.227328571,16.85025548,16.81955168
1958.4196,BPPR4D01A2,5.995440729,5.989845261,6.653011882,6.681818182,100.2778296,99.96653414,7000.4,3399267.399,3399267.399,70.03663004,70.13431013,70.13431013,75.19972091,75.14041514,1.699997116,33.85714286,34.75,480.3214286,1419.45,1419.425,5999.942857,5999.9,6999.571429,6999.7,-3.553571429,-3.225,15081.85714,15084.0,40.17599988,40.20000029,12.44392862,12.47000003,113.0,0.260004303,0.257002884,13.69232143,1.54325,0.249678571,2.293442857,2.2908,0.226860714,16.7864936,16.75037004
1936.4552,BPPR4D01A1,5.995440729,5.989845261,6.653011882,6.681818182,100.2778296,99.96653414,7000.4,3399267.399,3399267.399,70.03663004,70.13431013,70.13431013,75.19972091,75.14041514,1.724295697,33.57142857,32.25,480.2821429,1419.45,1419.425,5999.942857,5999.9,6999.571429,6999.7,-3.553571429,-3.225,15081.85714,15084.0,40.17599988,40.20000029,12.44392862,12.47000003,102.0,0.257002884,0.260004303,13.69232143,1.54325,0.249678571,2.293442857,2.2908,0.226860714,16.7864936,16.75037004
2083.5816,BPPR4D01A1,6.005615524,5.994197292,6.67629625,6.676015474,100.2703835,99.95604229,6999.5,3301587.302,3301587.302,70.03663004,70.13431013,70.13431013,75.21918941,75.14041514,1.724295697,33.87096774,34.5,480.2193548,1419.590323,1419.45,5999.803226,5999.6,6999.341935,6999.1,-4.861290323,-4.95,15083.03226,15084.0,40.17058016,40.19099951,12.44161283,12.47999978,102.0,0.261991397,0.260004303,15.26751613,1.534,0.245293548,2.294351613,2.2898,0.224348387,16.83943178,16.81577502
2086.9048,BPPR4D01A2,6.005615524,5.994197292,6.67629625,6.676015474,100.2703835,99.95604229,6999.5,3301587.302,3301587.302,70.03663004,70.13431013,70.13431013,75.21918941,75.14041514,1.695008603,34.19354839,34.25,480.2967742,1419.590323,1419.45,5999.803226,5999.6,6999.341935,6999.1,-4.861290323,-4.95,15083.03226,15084.0,40.17058016,40.19099951,12.44161283,12.47999978,113.0,0.260004303,0.261991397,15.26751613,1.534,0.245293548,2.294351613,2.2898,0.224348387,16.83943178,16.81577502
2011.77,BPPR4D01A1,5.99787234,5.986943907,6.65377176,6.661508704,100.2937849,99.9646821,6999.8,3301587.302,3301587.302,70.03663004,70.13431013,70.13431013,75.15669516,75.23809524,1.724295697,33.4,33.75,480.2733333,1419.626667,1419.6,5999.74,6000.2,6999.4,6999.7,-4.79,-5.325,15084.8,15084.0,40.18160009,40.18199944,12.44900007,12.47749972,102.0,0.261991397,0.260004303,14.82666667,1.826,0.24502,2.292486667,2.2638,0.224003333,16.86082034,16.83740501
2006.2988,BPPR4D01A2,5.99787234,5.986943907,6.65377176,6.661508704,100.2937849,99.9646821,6999.8,3301587.302,3301587.302,70.03663004,70.13431013,70.13431013,75.15669516,75.23809524,1.695008603,34.16666667,33.75,480.3066667,1419.626667,1419.6,5999.74,6000.2,6999.4,6999.7,-4.79,-5.325,15084.8,15084.0,40.18160009,40.18199944,12.44900007,12.47749972,113.0,0.260004303,0.261991397,14.82666667,1.826,0.24502,2.292486667,2.2638,0.224003333,16.86082034,16.83740501
2034.2224,BPPR4D01A1,6.001547389,5.991295938,6.676208897,6.676015474,100.2744282,99.9575696,6999.2,3301587.302,3301587.302,70.03663004,70.13431013,70.13431013,75.15995116,75.23809524,1.724295697,33.96666667,34.25,480.2733333,1419.703333,1419.575,5999.94,6000.2,6999.32,6999.4,-3.923333333,-4.075,15085.6,15081.0,40.18239994,40.19999957,12.44233325,12.4749999,102.0,0.261991397,0.260004303,14.52936667,1.4685,0.244546667,2.290996667,2.3102,0.223593333,16.82584613,16.80805002
2003.7408,BPPR4D01A2,6.001547389,5.991295938,6.676208897,6.676015474,100.2744282,99.9575696,6999.2,3301587.302,3301587.302,70.03663004,70.13431013,70.13431013,75.15995116,75.23809524,1.695008603,34.36666667,34.75,480.26,1419.703333,1419.575,5999.94,6000.2,6999.32,6999.4,-3.923333333,-4.075,15085.6,15081.0,40.18239994,40.19999957,12.44233325,12.4749999,113.0,0.260004303,0.261991397,14.52936667,1.4685,0.244546667,2.290996667,2.3102,0.223593333,16.82584613,16.80805002
2033.958,BPPR4D01A1,6.043520309,5.979690522,6.686073501,6.678916828,100.3208961,99.9490571,6999.8,3399267.399,3399267.399,70.03663004,70.13431013,70.13431013,75.14041514,75.14041514,1.724295697,33.4,34.75,480.2733333,1419.906667,1419.85,6000.02,5999.6,6999.56,6999.7,-3.81,-3.7,15084.2,15087.0,40.17719965,40.16399932,12.45166661,12.47749972,102.0,0.261991397,0.260004303,15.31826667,2.3215,0.245146667,2.29471,2.307175,0.224336667,16.87583544,16.82624668
2012.0832,BPPR4D01A2,6.043520309,5.979690522,6.686073501,6.678916828,100.3208961,99.9490571,6999.8,3399267.399,3399267.399,70.03663004,70.13431013,70.13431013,75.14041514,75.14041514,1.695008603,34.1,35.0,480.2566667,1419.906667,1419.85,6000.02,5999.6,6999.56,6999.7,-3.81,-3.7,15084.2,15087.0,40.17719965,40.16399932,12.45166661,12.47749972,113.0,0.260004303,0.261991397,15.31826667,2.3215,0.245146667,2.29471,2.307175,0.224336667,16.87583544,16.82624668
2006.3348,BPPR4D01A2,6.011605416,5.982591876,6.701934236,6.683268859,100.2964235,99.96478462,7000.4,3301587.302,3301587.302,70.03663004,70.13431013,70.13431013,75.22181522,75.14041514,1.695008603,34.06666667,34.0,480.3066667,1419.526667,1419.725,5999.82,5999.3,6999.32,6999.1,-5.403333333,-5.175,15084.4,15085.5,40.17719984,40.20300007,12.44766668,12.47999954,113.0,0.260004303,0.261991397,15.16956667,2.17125,0.245413333,2.295623333,2.2873,0.224696667,16.88817255,16.85251167
2088.2144,BPPR4D01A1,6.01722094,6.018858801,6.684532352,6.684719536,100.2775768,99.94843864,6999.8,3399267.399,3374847.375,70.03663004,70.13431013,70.13431013,75.19398165,75.28693529,1.724295697,34.06451613,33.5,480.1935484,1419.696774,1419.65,5999.919355,5999.9,6999.225806,6999.1,-4.164516129,-4.0,15084.96774,15084.0,40.17329001,40.17899895,12.44709673,12.48999977,102.0,0.26599951,0.260004303,15.48154839,1.6415,0.24246129,2.296345161,2.27855,0.225541935,16.85790533,16.81423002
2055.3968,BPPR4D01A2,6.01722094,6.018858801,6.684532352,6.684719536,100.2775768,99.94843864,6999.8,3399267.399,3374847.375,70.03663004,70.13431013,70.13431013,75.19398165,75.28693529,1.69100049,34.35483871,34.5,480.2290323,1419.696774,1419.65,5999.919355,5999.9,6999.225806,6999.1,-4.164516129,-4.0,15084.96774,15084.0,40.17329001,40.17899895,12.44709673,12.48999977,113.0,0.260004303,0.26599951,15.48154839,1.6415,0.24246129,2.296345161,2.27855,0.225541935,16.85790533,16.81423002
2048.5652,BPPR4D01A2,6.02665619,6.018858801,6.695962282,6.700676983,100.2653906,99.97947836,6999.5,3316849.817,3326007.326,70.03663004,70.13431013,70.13431013,75.15873016,75.23809524,1.690000865,34.125,34.75,480.2,1419.771875,1419.65,6000.3875,5999.6,6999.3625,6999.7,-4.328125,-4.525,15083.4375,15082.5,40.1744999,40.19099879,12.44500002,12.47250009,113.0,0.260004303,0.266999135,15.52228125,2.17475,0.247140625,2.298190625,2.29695,0.223575,16.86972125,16.85354167
2095.184,BPPR4D01A1,6.02665619,6.018858801,6.695962282,6.700676983,100.2653906,99.97947836,6999.5,3316849.817,3326007.326,70.03663004,70.13431013,70.13431013,75.15873016,75.23809524,1.724295697,33.9375,33.0,480.178125,1419.771875,1419.65,6000.3875,5999.6,6999.3625,6999.7,-4.328125,-4.525,15083.4375,15082.5,40.1744999,40.19099879,12.44500002,12.47250009,102.0,0.266999135,0.260004303,15.52228125,2.17475,0.247140625,2.298190625,2.29695,0.223575,16.86972125,16.85354167
2095.3276,BPPR4D01A1,6.024333936,6.023210832,6.693330006,6.703578337,100.2857776,99.91480875,6999.5,3304738.272,3301587.302,70.03663004,68.90070503,68.69352869,75.25700106,75.23809524,1.724295697,34.51612903,34.5,480.183871,1419.53871,1419.625,5999.996774,5999.6,6999.496774,6999.1,-5.141935484,-5.0,15084.0,15085.5,40.18180626,40.17900038,12.44612903,12.4749999,102.0,0.266999135,0.260004303,15.32203226,1.43275,0.247054839,2.300822581,2.341225,0.224748387,16.83865652,16.79981002
2060.4328,BPPR4D01A2,6.024333936,6.023210832,6.693330006,6.703578337,100.2857776,99.91480875,6999.5,3304738.272,3301587.302,70.03663004,68.90070503,68.69352869,75.25700106,75.23809524,1.690000865,34.38709677,35.25,480.2774194,1419.53871,1419.625,5999.996774,5999.6,6999.496774,6999.1,-5.141935484,-5.0,15084.0,15085.5,40.18180626,40.17900038,12.44612903,12.4749999,113.0,0.260004303,0.266999135,15.32203226,1.43275,0.247054839,2.300822581,2.341225,0.224748387,16.83865652,16.79981002
2034.7664,BPPR4D01A1,6.022437137,6.030464217,6.68762089,6.700676983,100.2907283,99.94515133,7000.1,3399267.399,3399267.399,70.01221001,70.13431013,70.13431013,75.2022792,75.23809524,1.724295697,34.1,34.25,480.2166667,1419.853333,1419.775,5999.94,5999.9,6999.6,6999.1,-5.263333333,-5.0,15082.8,15079.5,40.17800007,40.17899895,12.44633331,12.47000027,102.0,0.266999135,0.260004303,14.77196667,1.47275,0.246876667,2.291906667,2.294325,0.222966667,16.90025788,16.86538667
1995.418,BPPR4D01A2,6.022437137,6.030464217,6.68762089,6.700676983,100.2907283,99.94515133,7000.1,3399267.399,3399267.399,70.01221001,70.13431013,70.13431013,75.2022792,75.23809524,1.690000865,34.53333333,34.75,480.2766667,1419.853333,1419.775,5999.94,5999.9,6999.6,6999.1,-5.263333333,-5.0,15082.8,15079.5,40.17800007,40.17899895,12.44633331,12.47000027,113.0,0.260004303,0.266999135,14.77196667,1.47275,0.246876667,2.291906667,2.294325,0.222966667,16.90025788,16.86538667
